/post/001-ddd/  https://www.10deploys.com/episodios/001-ddd/  301
/post/002-monitoramento_elk/  https://www.10deploys.com/episodios/002-monitoramento_elk/  301
/post/003-apis-rest/  https://www.10deploys.com/episodios/003-apis-rest/  301
/post/004-dockercon-2017/  https://www.10deploys.com/episodios/004-dockercon-2017/  301
/post/005_devops_no_governo/  https://www.10deploys.com/episodios/005_devops_no_governo/  301
/post/006-as_metodologias_ageis_e_devops/  https://www.10deploys.com/episodios/006-as_metodologias_ageis_e_devops/  301
/post/007-state-of-devops-report/  https://www.10deploys.com/episodios/007-state-of-devops-report/  301
/post/008-continuous_delivery/  https://www.10deploys.com/episodios/008-continuous_delivery/  301
/post/009-devsecops/  https://www.10deploys.com/episodios/009-devsecops/  301
/post/010-tdd/  https://www.10deploys.com/episodios/010-tdd/    301
/post/011-design-thinking/  https://www.10deploys.com/episodios/011-design-thinking/  301
/post/012-sindrome-impostor/  https://www.10deploys.com/episodios/012-sindrome-impostor/  301
/post/013-infra-como-codigo/  https://www.10deploys.com/episodios/013-infra-como-codigo/  301
/post/014-quality-assurance/  https://www.10deploys.com/episodios/014-quality-assurance/  301
/post/015-devops_grande_empresas/  https://www.10deploys.com/episodios/015-devops_grande_empresas/  301
/post/016_review_2017/  https://www.10deploys.com/episodios/016_review_2017/  301
/post/017-infraestrutura-imutavel/  https://www.10deploys.com/episodios/017-infraestrutura-imutavel/  301
/post/  https://www.10deploys.com/episodios/  301
/  https://www.10deploys.com/  301
